<?xml version="1.0" encoding="UTF-8"?>
<databaseChangeLog
        xmlns="http://www.liquibase.org/xml/ns/dbchangelog"
        xmlns:xsi="http://www.w3.org/2001/XMLSchema-instance"
        xsi:schemaLocation="http://www.liquibase.org/xml/ns/dbchangelog
            https://www.liquibase.org/xml/ns/dbchangelog/dbchangelog-4.25.xsd">

    <changeSet id="2025-12-13-training-task-status" author="backend-agent">
        <preConditions onFail="MARK_RAN">
            <not>
                <tableExists tableName="training_task_status"/>
            </not>
        </preConditions>

        <createTable tableName="training_task_status">
            <column name="id" type="BIGINT" autoIncrement="true">
                <constraints primaryKey="true" primaryKeyName="pk_training_task_status" nullable="false"/>
            </column>
            <column name="user_email" type="varchar(255)">
                <constraints nullable="false"/>
            </column>
            <column name="task_key" type="varchar(255)">
                <constraints nullable="false"/>
            </column>
            <column name="completed" type="boolean" defaultValueBoolean="false">
                <constraints nullable="false"/>
            </column>
            <column name="completed_at" type="timestamp"/>
            <column name="created_at" type="timestamp">
                <constraints nullable="false"/>
            </column>
            <column name="updated_at" type="timestamp">
                <constraints nullable="false"/>
            </column>
        </createTable>

        <addUniqueConstraint tableName="training_task_status"
                             columnNames="user_email, task_key"
                             constraintName="uc_training_task_status_user_task"/>
    </changeSet>

</databaseChangeLog>

