<?xml version="1.0" encoding="UTF-8"?>
<databaseChangeLog
        xmlns="http://www.liquibase.org/xml/ns/dbchangelog"
        xmlns:xsi="http://www.w3.org/2001/XMLSchema-instance"
        xsi:schemaLocation="http://www.liquibase.org/xml/ns/dbchangelog https://www.liquibase.org/xml/ns/dbchangelog/dbchangelog-4.25.xsd">

    <changeSet id="2025-12-10-create-behavioral-story-table" author="backend-agent">
        <createTable tableName="behavioral_story">
            <column name="id" type="BIGINT" autoIncrement="true">
                <constraints primaryKey="true" nullable="false"/>
            </column>
            <column name="title" type="VARCHAR(255)"/>
            <column name="situation" type="CLOB"/>
            <column name="task" type="CLOB"/>
            <column name="action" type="CLOB"/>
            <column name="result" type="CLOB"/>
            <column name="tags" type="VARCHAR(255)"/>
            <column name="created_at" type="TIMESTAMP"/>
            <column name="updated_at" type="TIMESTAMP"/>
        </createTable>
    </changeSet>
</databaseChangeLog>

