<?xml version="1.0" encoding="UTF-8"?>
<databaseChangeLog
        xmlns="http://www.liquibase.org/xml/ns/dbchangelog"
        xmlns:xsi="http://www.w3.org/2001/XMLSchema-instance"
        xsi:schemaLocation="http://www.liquibase.org/xml/ns/dbchangelog https://www.liquibase.org/xml/ns/dbchangelog/dbchangelog-4.25.xsd">

    <changeSet id="2025-12-10-create-interview-session-table" author="backend-agent">
        <createTable tableName="interview_session">
            <column name="id" type="BIGINT" autoIncrement="true">
                <constraints primaryKey="true" nullable="false"/>
            </column>
            <column name="company" type="VARCHAR(255)">
                <constraints nullable="false"/>
            </column>
            <column name="role" type="VARCHAR(255)">
                <constraints nullable="false"/>
            </column>
            <column name="seniority" type="VARCHAR(255)"/>
            <column name="question_answers" type="CLOB"/>
            <column name="created_at" type="TIMESTAMP"/>
        </createTable>
    </changeSet>
</databaseChangeLog>

