<?xml version="1.0" encoding="UTF-8"?>
<databaseChangeLog
        xmlns="http://www.liquibase.org/xml/ns/dbchangelog"
        xmlns:xsi="http://www.w3.org/2001/XMLSchema-instance"
        xsi:schemaLocation="http://www.liquibase.org/xml/ns/dbchangelog https://www.liquibase.org/xml/ns/dbchangelog/dbchangelog-4.25.xsd">

    <changeSet id="2025-12-10-create-user-memory-entry-table" author="backend-agent">
        <createTable tableName="user_memory_entry">
            <column name="id" type="BIGINT" autoIncrement="true">
                <constraints primaryKey="true" nullable="false"/>
            </column>
            <column name="entry_text" type="CLOB">
                <constraints nullable="false"/>
            </column>
            <column name="created_at" type="TIMESTAMP"/>
        </createTable>
    </changeSet>
</databaseChangeLog>

