<?xml version="1.0" encoding="UTF-8"?>
<databaseChangeLog
        xmlns="http://www.liquibase.org/xml/ns/dbchangelog"
        xmlns:xsi="http://www.w3.org/2001/XMLSchema-instance"
        xsi:schemaLocation="http://www.liquibase.org/xml/ns/dbchangelog
        https://www.liquibase.org/xml/ns/dbchangelog/dbchangelog-3.8.xsd">

    <changeSet id="001-create-training-task-h2" author="chatgpt">
        <createTable tableName="training_task">
            <column name="id" type="BIGINT" autoIncrement="true">
                <constraints primaryKey="true" nullable="false"/>
            </column>
            <column name="email" type="VARCHAR(255)">
                <constraints nullable="false"/>
            </column>
            <column name="question" type="TEXT"/>
            <column name="answer" type="TEXT"/>
            <column name="score" type="INT"/>
            <column name="created_at" type="TIMESTAMP"/>
            <column name="updated_at" type="TIMESTAMP"/>
        </createTable>
    </changeSet>

</databaseChangeLog>
