<?xml version="1.0" encoding="UTF-8"?>
<databaseChangeLog
        xmlns="http://www.liquibase.org/xml/ns/dbchangelog"
        xmlns:xsi="http://www.w3.org/2001/XMLSchema-instance"
        xsi:schemaLocation="http://www.liquibase.org/xml/ns/dbchangelog
        https://www.liquibase.org/xml/ns/dbchangelog/dbchangelog-3.8.xsd">

    <changeSet id="005-create-job-analysis-session-table" author="chatgpt">

        <createTable tableName="job_analysis_session">
            <column name="id" type="BIGINT" autoIncrement="true">
                <constraints primaryKey="true" nullable="false"/>
            </column>

            <column name="user_email" type="VARCHAR(255)">
                <constraints nullable="false"/>
            </column>

            <column name="job_title" type="VARCHAR(255)"/>

            <column name="job_description" type="CLOB"/>

            <column name="analysis_result" type="CLOB"/>

            <column name="created_at" type="TIMESTAMP"
                    defaultValueDate="CURRENT_TIMESTAMP"/>
        </createTable>

    </changeSet>

</databaseChangeLog>
